method,backbone,shots,mean_accuracy_pct,sd_across_training_seeds_pp,params
maml,1d,1,67.1027814199527,7.632539169020588,38852
maml,1d,5,71.04444831113021,8.848785362121214,38852
maml,1d,10,71.57222593327363,8.867992103912563,38852
maml,2d,1,52.16666930913925,2.4193807303441086,112964
maml,2d,5,58.3666697939237,1.4169606929930192,112964
maml,2d,10,59.586114247639976,1.2038518651905974,112964
reptile,1d,1,50.897224905590214,6.256559738770804,38852
reptile,1d,5,54.55278064310551,5.534264261907768,38852
reptile,1d,10,55.0138918136557,5.791902893466889,38852
reptile,2d,1,54.397225096821785,1.9213952753491503,112964
reptile,2d,5,59.70833661655585,2.5834546554633597,112964
reptile,2d,10,60.89722554882368,2.6450998386566793,112964
protonet,1d,1,60.29166988531748,5.9858401828425,37824
protonet,1d,5,63.53611450393995,7.503362326225956,37824
protonet,1d,10,64.22500355541706,7.546610387635248,37824
protonet,2d,1,61.18055873115858,0.8820877610766614,111936
protonet,2d,5,68.63055938482285,2.575206836256804,111936
protonet,2d,10,70.04444839557011,2.884011899013334,111936
relationnet,1d,1,64.8888924618562,1.7043721675703924,75601
relationnet,1d,5,70.02500388026237,4.189346766528966,75601
relationnet,1d,10,70.15833722551663,5.722998578323014,75601
relationnet,2d,1,64.2638923873504,0.9841217740229676,223441
relationnet,2d,5,70.45833737651508,2.7916170997483567,223441
relationnet,2d,10,71.57222621639569,3.1509737170085486,223441
